first_name,last_name
"Arianna","Anderson"
"Haris","Armstrong"
"Michelle","Miller"
"Wilson","Turner"
"Andrew","Clark"
"Arnold","Hunt"
"Penelope","Bennett"
"Jessica","Watson"
"Alen","Phillips"
"Elian","Cameron"
"Gianna","Lloyd"
"Oliver","Myers"
"Blake","Cole"
"Dominik","Brooks"
"Amy","Casey"
"Honey","Brooks"
"Adelaide","Reed"
"Sofia","Morgan"
"Stella","Mason"
"Sofia","Cameron"
"Harold","Perkins"
"Maximilian","Gray"
"Lana","Ellis"
"Alina","Grant"
"Adrian","Walker"
"Bruce","Reed"
"Miranda","Carter"
"Ned","Edwards"
"Annabella","Ferguson"
"Abigail","Allen"
"Charlie","Tucker"
"Vanessa","Wright"
"Roland","Phillips"
"Albert","Bennett"
"Alexander","West"
"Lily","Cole"
"Emma","Holmes"
"Jessica","Cameron"
"Max","Campbell"
"Ellia","Anderson"
"Naomi","Parker"
"Dominik","Lloyd"
"Lucas","Owens"
"Madaline","Foster"
"Rafael","Reed"
"Maya","Riley"
"Lucas","Harper"
"Steven","Miller"
"Heather","Moore"
"Steven","Thompson"
"Connie","Harrison"
"Garry","Bailey"
"Alfred","Hall"
"Tess","Morris"
"Alberta","Payne"
"Mike","Gray"
"Mary","Allen"
"Alissa","Alexander"
"April","Scott"
"Darcy","Stevens"
"Daisy","Casey"
"Paul","Allen"
"Camila","Casey"
"Sydney","Davis"
"Edwin","Bennett"
"Daniel","Higgins"
"Adelaide","Hall"
"Darcy","Phillips"
"Violet","Cooper"
"Henry","Kelley"
"Victor","Wright"
"Blake","Kelly"
"James","Carroll"
"Julia","Harrison"
"Freddie","Phillips"
"Sawyer","Sullivan"
"Spike","Brooks"
"Luke","Tucker"
"Brooke","Evans"
"Melanie","Perry"
"Reid","Cunningham"
"Edgar","Carroll"
"Adam","Gray"
"Haris","Foster"
"Adam","Turner"
"Vincent","Allen"
"Tiana","Carroll"
"Frederick","Dixon"
"James","Casey"
"Lucia","Montgomery"
"Wilson","Morgan"
"Miley","Holmes"
"Lily","Foster"
"Dainton","Brooks"
"Haris","Brown"
"Nicole","Williams"
"Valeria","Richardson"
"Michael","Johnson"
"Lily","Chapman"
"Brianna","Fowler"
"Julia","Andrews"
"Daisy","Kelly"
"Jack","Elliott"
"Oliver","Andrews"
"Abraham","Thomas"
"Alisa","Perkins"
"Abraham","Morrison"
"Edwin","Murphy"
"Maria","Mitchell"
"Robert","Ferguson"
"Lucy","Perkins"
"Agata","Clark"
"Emily","Kelley"
"Leonardo","Warren"
"Jenna","Andrews"
"Walter","Barnes"
"Sofia","Martin"
"Natalie","Harper"
"Richard","Crawford"
"Emily","Montgomery"
"Amanda","Carroll"
"Aston","Gibson"
"Aston","Casey"
"Chloe","Grant"
"Eleanor","Chapman"
"Kimberly","Wright"
"Anna","Russell"
"Aida","Robinson"
"Miley","Elliott"
"Richard","Watson"
"Audrey","Alexander"
"Bruce","Armstrong"
"Brooke","Richardson"
"Adelaide","Harrison"
"Richard","Alexander"
"Julia","Higgins"
"Grace","Morrison"
"Harold","Martin"
"Alberta","Ross"
"Gianna","Baker"
"Jared","Ellis"
"Richard","Chapman"
"Amanda","Barrett"
"Jordan","Bailey"
"Charlie","Ross"
"Byron","Andrews"
"Oliver","Stevens"
"Cadie","Cooper"
"Dainton","Spencer"
"Rosie","Kelly"
"Violet","Brown"
"Edith","Lloyd"
"Ned","Rogers"
"Max","Johnson"
"Charlotte","Harrison"
"Cherry","Ryan"
"Catherine","Carter"
"Lucia","Crawford"
"Thomas","West"
"George","Craig"
"Henry","Walker"
"Emma","Higgins"
"Jacob","Perkins"
"Alberta","Hill"
"Alford","Martin"
"Roman","Holmes"
"Kristian","Thompson"
"Darcy","Anderson"
"Maria","Ferguson"
"Brooke","Morrison"
"Spike","Carter"
"Elise","Watson"
"Ashton","Parker"
"Connie","Cole"
"Miranda","Parker"
"Ryan","Robinson"
"John","Hawkins"
"Kristian","Carter"
"Jasmine","Foster"
"Freddie","Farrell"
"Darcy","Brooks"
"Aston","Morris"
"Brianna","Mason"
"Chloe","Hawkins"
"Lana","Holmes"
"Sarah","Johnson"
"Dexter","Baker"
"John","Perkins"
"Victor","Grant"
"Maria","Owens"
"April","Kelly"
"Violet","Henderson"
"Lily","Bennett"
"Antony","Cooper"
"Hailey","Taylor"
"Garry","Wells"
"Byron","Gray"
"Lucy","Davis"
"Roland","West"
"Victoria","Wright"
